iter	RMSE
0	0.2844211683
1	0.2773980058
2	0.2745843138
3	0.2696169474
4	0.2655875433
5	0.2621825415
6	0.2552093664
7	0.2507951983
8	0.246172095
9	0.2421041786
